Date,Adj Close,Open,High,Low,Last,Close,Average Price,Volume,Turnover,No. of Trades
2016-05-02,1208.1,1210,1211.15,1196.15,1199.55,1201.05,1200.96,1807625,2170885251,50153
2016-05-03,1201.05,1202.75,1212.2,1171.8,1177.95,1177.8,1190.11,3412405,4061149572,132901
2016-05-04,1177.8,1181,1193,1170.65,1190,1188.85,1182.72,2906421,3437484344,106651
2016-05-05,1188.85,1195.15,1199,1181.1,1195.45,1192.45,1189.58,3151334,3748759043,137968
2016-05-06,1192.45,1189.8,1189.8,1177.05,1179,1181.5,1181.92,1298360,1534551847,54186
2016-05-09,1181.5,1182,1201.55,1180.6,1199.85,1199.05,1192.94,2561839,3056124205,81316
2016-05-10,1199.05,1202.5,1216.65,1196.6,1211.95,1212.8,1206.66,1697852,2048735526,75786
2016-05-11,1212.8,1198.5,1214.7,1192.5,1204,1201.85,1203.69,1854944,2232783131,64272
2016-05-12,1201.85,1203.9,1213,1196.8,1210.8,1210,1205.68,1703466,2053842245,77725
2016-05-13,1210,1206,1210,1192.15,1208,1207.25,1202.44,2826032,3398141904,81828
2016-05-16,1207.25,1210.2,1223.65,1205,1212.8,1215,1214.69,2266939,2753623614,77520
2016-05-17,1215,1220,1225.75,1208.15,1213.55,1214.25,1219.27,1898147,2314345531,75775
2016-05-18,1214.25,1199,1214,1197.9,1212,1209.85,1204.37,2128298,2563260480,60053
2016-05-19,1209.85,1210.95,1216.15,1201,1201.15,1205.75,1208.41,1977200,2389258586,63251
2016-05-20,1205.75,1205,1219.5,1200,1200.9,1201.6,1209.24,1997274,2415192560,72124
2016-05-23,1201.6,1203.4,1205.15,1185,1188.2,1188,1191.44,2292973,2731935850,65785
2016-05-24,1188,1191.05,1191.75,1177.6,1190,1187.75,1184.79,1742530,2064534720,85326
2016-05-25,1187.75,1194.1,1213.1,1194.1,1209.15,1208.65,1208.82,1928698,2331455440,66033
2016-05-26,1208.65,1210.1,1239.8,1210.1,1237.9,1234.15,1227.35,3068218,3765768592,96613
2016-05-27,1234.15,1231.6,1259.5,1231.6,1245,1247.5,1249.54,3090382,3861555368,79330
2016-05-30,1247.5,1241.5,1272,1241.5,1267,1267.6,1267.25,2642850,3349159368,92600
2016-05-31,1267.6,1265,1266.75,1239,1250.85,1248.65,1248.07,6891019,8600491439,125656
2016-06-01,1248.65,1246.05,1268.5,1246,1256,1258.2,1258.82,2420267,3046672700,72781
2016-06-02,1258.2,1255,1274.9,1254,1260.5,1261.55,1264.53,2526776,3195178703,105567
2016-06-03,1261.55,1260.05,1279.3,1260.05,1267,1266.9,1271.43,1999190,2541822477,70963
2016-06-06,1266.9,1264.9,1277,1261.1,1267.25,1266.75,1269.53,2112884,2682362141,77880
2016-06-07,1266.75,1267,1272.5,1255.1,1256,1257.4,1263.86,2846210,3597199329,74826
2016-06-08,1257.4,1263.95,1263.95,1235.35,1237,1238.1,1242.8,4370685,5431892699,113032
2016-06-09,1238.1,1226.25,1226.25,1180.05,1187,1185.5,1191.98,6370402,7593381454,169983
2016-06-10,1185.5,1175.4,1190,1170.1,1181,1180.6,1180.3,3191978,3767482481,112385
2016-06-13,1180.6,1176.8,1184.9,1166,1180,1180.9,1176.48,2643361,3109855383,92827
2016-06-14,1180.9,1182.4,1182.4,1167.25,1176,1175,1173.27,1470364,1725136290,76094
2016-06-15,1175,1183.7,1192.65,1179.05,1189.55,1189.95,1184.11,3355786,3973610805,97170
2016-06-16,1189.95,1189.5,1189.5,1170.1,1186.3,1186,1179.61,2651282,3127477049,96066
2016-06-17,1186,1189,1192.75,1175.1,1179.45,1179.5,1179.51,4257541,5021828421,84979
2016-06-20,1179.5,1181,1211.8,1179.7,1207,1208.75,1199.39,3114783,3735847754,84105
2016-06-21,1208.75,1211.2,1214.8,1195.65,1206.5,1206.1,1204.61,2380862,2868013851,57770
2016-06-22,1206.1,1204,1211.95,1188.15,1197.35,1199.5,1199.49,1515629,1817988769,52549
2016-06-23,1199.5,1197.3,1214.85,1193.35,1210.75,1211.6,1203.62,1914313,2304105635,102672
2016-06-24,1211.6,1188,1199,1160,1191.2,1194.55,1187.02,3904174,4634322656,80878
2016-06-27,1194.55,1172.05,1183.2,1160,1165.05,1166.2,1170.54,2791889,3268027324,95815
2016-06-28,1166.2,1162.8,1172.5,1155.1,1158.95,1159.15,1161.08,3827987,4444586239,140277
2016-06-29,1159.15,1169,1179.9,1160.2,1177,1176.85,1169.63,2729575,3192594353,91172
2016-06-30,1176.85,1180.5,1184.5,1167.95,1171.9,1170.8,1173.73,4673112,5484981719,117143
2016-07-01,1170.8,1180,1180,1170.1,1171.05,1172.4,1174.4,1995956,2344042645,83613
2016-07-04,1172.4,1176.2,1194.6,1176.2,1185,1183.95,1186.25,2690661,3191792275,97976
2016-07-05,1183.95,1185,1187.5,1171.05,1174,1175.45,1176.77,1798208,2116084018,61330
2016-07-07,1175.45,1168.7,1171,1155,1160,1157.25,1159.93,2977438,3453631860,131833
2016-07-08,1157.25,1163,1167,1153.5,1161.95,1158.2,1161.28,2775824,3223520903,123336
2016-07-11,1158.2,1167.4,1178.7,1160,1173.75,1175.05,1169.68,3334441,3900242644,97975
2016-07-12,1175.05,1180,1180.35,1168,1176,1176.55,1174.18,3098684,3638403711,90016
2016-07-13,1176.55,1180,1195.8,1175.2,1192.3,1193.8,1186.15,2637710,3128727246,73207
2016-07-14,1193.8,1195,1196.05,1164,1177.65,1176.25,1179.62,3706664,4372439897,102739
2016-07-15,1176.25,1189.5,1189.9,1052,1070.8,1072.55,1085.37,30742063,33366591098,707440
2016-07-18,1072.55,1077.25,1084.9,1055.15,1081,1081.95,1072,7166412,7682361812,240953
2016-07-19,1081.95,1088.6,1090,1074.1,1088,1086.95,1082.75,5202322,5632801599,178219
2016-07-20,1086.95,1070,1089.9,1070,1083.5,1083.1,1081.83,4911448,5313369529,104095
2016-07-21,1083.1,1079,1087.2,1075.6,1080.1,1079.9,1079.65,4334001,4679193731,130542
2016-07-22,1079.9,1070,1079.9,1066.7,1074.5,1072.45,1070.52,4693269,5024244656,93296
2016-07-25,1072.45,1063,1083.25,1063,1079.4,1080.85,1075.57,4234776,4554802179,97327
2016-07-26,1080.85,1070.35,1089.9,1070.35,1086.05,1088.7,1085.65,3594805,3902694860,60846
2016-07-27,1088.7,1084.7,1096.5,1078.55,1084,1085.35,1085.13,3715910,4032229606,65130
2016-07-28,1085.35,1085.4,1086.95,1074.05,1077,1077.5,1078.63,5629281,6071912465,84046
2016-07-29,1077.5,1072.6,1076.75,1066.5,1075,1073.85,1073.14,4078392,4376687908,96309
2016-08-01,1073.85,1071.5,1087.85,1068.35,1086,1085.25,1078.19,4548331,4903963865,84226
2016-08-02,1085.25,1079.9,1085,1075,1085,1083.8,1079.83,3411251,3683561727,74776
2016-08-03,1083.8,1085.65,1086.5,1070.3,1085,1084.9,1078.92,3606730,3891373601,93756
2016-08-04,1084.9,1086.4,1086.9,1070.05,1071.45,1071.8,1074.9,2118639,2277331567,64592
2016-08-05,1071.8,1072,1073.45,1060,1065.05,1068,1066.86,2804984,2992534286,98969
2016-08-08,1068,1069,1081,1062.55,1074.4,1078.7,1074.88,2321532,2495374580,86035
2016-08-09,1078.7,1077,1084.5,1071.5,1080.4,1083.4,1079.81,3596332,3883365580,79692
2016-08-10,1083.4,1076,1087.9,1075.2,1079.95,1082.35,1080.96,2788227,3013968179,72781
2016-08-11,1082.35,1081.7,1095,1075.25,1078.75,1077.35,1081.51,2519276,2724633995,68282
2016-08-12,1077.35,1075.05,1078.8,1060,1061.6,1062.55,1069.52,3724964,3983911355,116371
2016-08-16,1062.55,1042,1058.05,1028,1052.2,1051.8,1046.71,8214704,8598374852,177774
2016-08-17,1051.8,1049.95,1052.65,1030.5,1034.4,1033.3,1037.78,3299658,3424334724,134252
2016-08-18,1033.3,1036.5,1039.1,1021.5,1023,1023.4,1028.77,4217000,4338343575,113563
2016-08-19,1023.4,1030,1039,1018.45,1022.15,1021.3,1026.81,2843008,2919222195,132229
2016-08-22,1021.3,1018,1030,1009.1,1015.9,1015.45,1014.33,5126759,5200200616,184159
2016-08-23,1015.45,1020.1,1042,1020.1,1039.95,1039.65,1033.85,3703069,3828422615,135014
2016-08-24,1039.65,1047,1062.05,1047,1055.15,1057.4,1056,3064983,3236633964,118286
2016-08-25,1057.4,1055,1057.6,1032.1,1036.9,1036.15,1041.32,2398281,2497389786,67028
2016-08-26,1036.15,1036,1046,1017.05,1019.7,1020.25,1028.03,3440527,3536957213,144271
2016-08-29,1020.25,1017.6,1030,1011,1029.05,1022.8,1018.39,2610141,2658142523,137001
2016-08-30,1022.8,1032.45,1045,1025,1040.25,1040.4,1035.23,2187719,2264785516,76218
2016-08-31,1040.4,1037.1,1045.75,1027.8,1033.85,1035.85,1037.31,5569907,5777732671,131672
2016-09-01,1035.85,1038,1040.45,1032,1037,1037.55,1036.28,1438913,1491112695,48366
2016-09-02,1037.55,1039.05,1040,1026.2,1030,1031.85,1032.75,1666296,1720872550,67456
2016-09-06,1031.85,1038.25,1048.9,1035.6,1046,1045,1044.9,4107522,4291968460,105919
2016-09-07,1045,1048,1059,1044,1049.85,1054.35,1052.97,3712735,3909393157,103327
2016-09-08,1054.35,1045,1045,1024,1038.75,1037.65,1033.47,4546387,4698542573,108004
2016-09-09,1037.65,1037,1041,1026.55,1036,1035.5,1033.89,2526719,2612343990,96783
2016-09-12,1035.5,1025.25,1058,1025.25,1055,1054,1052.85,3101548,3265470607,104493
2016-09-14,1054,1053.95,1057.8,1040.65,1044.95,1045.6,1051.8,2576209,2709659227,79152
2016-09-15,1045.6,1045.6,1046.8,1035.35,1044.9,1042.2,1039.1,2350861,2442780874,53602
2016-09-16,1042.2,1049,1064.5,1038.1,1055.65,1060.15,1054.92,4974692,5247899728,98707
2016-09-19,1060.15,1046,1068.9,1041.35,1060.6,1061.2,1061.6,2904577,3083488888,70094
2016-09-20,1061.2,1053.3,1057.15,1045.75,1052,1050.15,1049.18,2107002,2210615656,90429
2016-09-21,1050.15,1054,1061.25,1051.05,1057.4,1055.75,1056.37,2115766,2235039198,68813
2016-09-22,1055.75,1059,1061,1052,1061,1058.8,1057.37,1814757,1918861654,80240
2016-09-23,1058.8,1057,1058.8,1040,1041,1042.55,1048.92,2602647,2729960271,57629
2016-09-26,1042.55,1042.75,1044,1031,1036.05,1035.9,1035.98,3185899,3300515054,80536
2016-09-27,1035.9,1035.05,1049.9,1033.35,1043,1039.75,1042.58,3262830,3401748998,62988
2016-09-28,1039.75,1040,1042.3,1033.25,1037.9,1038.95,1037.88,2717354,2820298182,45609
2016-09-29,1038.95,1044.95,1044.95,1024,1035.2,1029.2,1031.41,4451319,4591119674,79293
2016-09-30,1029.2,1031.1,1043.9,1031.1,1033.8,1036.05,1039.62,3251177,3379989891,66361
2016-10-03,1036.05,1035.5,1040,1026.1,1039.55,1038.1,1034.46,1828080,1891074154,64407
2016-10-04,1038.1,1040,1051.4,1038.3,1049,1049.2,1044.6,2533293,2646274899,53736
2016-10-05,1049.2,1049.2,1049.85,1037,1040.7,1041.5,1041.28,1153787,1201412564,49296
2016-10-06,1041.5,1045,1045,1025.95,1027,1027.4,1029.49,1860941,1915811566,82909
2016-10-07,1027.4,1029.95,1033.8,1010.1,1011,1012.55,1016.9,3144279,3197411006,134156
2016-10-10,1012.55,1017,1031.75,1010,1031,1029.95,1023.64,2706585,2770559297,64262
2016-10-13,1029.95,1021.4,1058,1021.4,1050,1052.35,1048.53,4889345,5126616164,144394
2016-10-14,1052.35,1052.9,1082.7,996.25,1025.7,1027.15,1035.98,16730845,17332866114,374818
2016-10-17,1027.15,1034.95,1041.8,1017.35,1025.15,1022.4,1028.56,4007429,4121892313,74006
2016-10-18,1022.4,1030,1040.5,1027.3,1039,1039.05,1033.41,3194067,3300781474,64906
2016-10-19,1039.05,1042,1045.7,1036,1041.4,1041.8,1042.05,1754918,1828720112,46788
2016-10-20,1041.8,1044.75,1050.7,1033.8,1038,1036.65,1039.45,1767745,1837490210,53760
2016-10-21,1036.65,1035,1041,1022.5,1037.5,1038.3,1036.08,1931810,2001515443,59548
2016-10-24,1038.3,1037.5,1042.7,1025.5,1027.6,1027.1,1030.31,1451487,1495478010,44094
2016-10-25,1027.1,1036.5,1038.9,1015.2,1017.35,1017.2,1022.44,2818007,2881233443,80752
2016-10-26,1017.2,1017,1019.85,1009.3,1013.2,1014.2,1013.36,1387608,1406142594,49773
2016-10-27,1014.2,1017.9,1017.95,1001.1,1004.5,1003.5,1007.07,3613895,3639452891,103905
2016-10-28,1003.5,1005.2,1010,993.15,997,997.5,998.54,2920353,2916078942,76622
2016-10-30,997.5,1001,1005.95,999.8,1002.4,1002.1,1002.14,319036,319718260.7,14192
2016-11-01,1002.1,1006.8,1006.8,986.4,990.4,989.45,992.37,3166399,3142237325,126304
2016-11-02,989.45,984.8,987.5,980,980.5,981.05,982.57,2688597,2641723819,105692
2016-11-03,981.05,981.05,982,965.1,968,966.85,970.25,2612554,2534834117,132420
2016-11-04,966.85,967,979.2,961,971,971,970.61,3002774,2914529709,123012
2016-11-07,971,985,986,975,978.95,977.95,980.47,2268836,2224535618,62718
2016-11-08,977.95,986.9,987.75,970.6,982.6,982.6,979.56,2630554,2576778481,75639
2016-11-09,982.6,930,974.6,901,963,958.3,950.89,6382079,6068657393,150348
2016-11-10,958.3,962.5,962.5,935,946,939.4,944.17,3643665,3440236246,110042
2016-11-11,939.4,940,945,918.7,921.9,921.55,927.27,3548391,3290317525,91104
2016-11-15,921.55,924,939.95,908.55,917.6,923.55,924.7,4617925,4270173169,290307
2016-11-16,923.55,930,956.85,928.55,935.4,940.9,946.16,6111308,5782269259,177387
2016-11-17,940.9,934.25,949,926.4,928,929.8,938.14,2853365,2676845191,117685
2016-11-18,929.8,930,933.25,917.5,918,920,925.99,3020114,2796602729,121639
2016-11-21,920,926.9,926.9,906.95,914,911.1,918.76,3970284,3647743382,129057
2016-11-22,911.1,916.9,928.65,911.65,914.85,914.2,918.14,2741563,2517129608,106048
2016-11-23,914.2,922.1,922.9,912.45,921,920.25,918.81,4125893,3790922746,130883
2016-11-24,920.25,928.2,939.9,923.3,930,930.3,931.71,8390322,7817314314,131479
2016-11-25,930.3,930.45,985,930.45,974.7,977.5,971.84,6315690,6137814601,206134
2016-11-28,977.5,979.3,983.45,970.6,978.05,979.75,978.12,3682856,3602267991,114279
2016-11-29,979.75,978.8,984.7,967.1,973.45,972.6,976.81,3062753,2991717837,84322
2016-11-30,972.6,973,977,961.05,974.05,975.55,973.42,4250459,4137474120,99676
2016-12-01,975.55,976,983.55,967,974.95,975.6,974.84,2305795,2247777694,68019
2016-12-02,975.6,964.8,969.6,961.1,963,964.5,966.01,2226614,2150941267,130557
2016-12-05,964.5,965.9,968.6,958,961,961.65,961.83,1829788,1759944182,57931
2016-12-06,961.65,961.8,979.5,961.65,968.55,966.5,971.03,1781055,1729462850,64774
2016-12-07,966.5,968,973,960.2,966.7,966.4,967.48,1692990,1637934319,77351
2016-12-08,966.4,970.05,986.1,970.05,985,984.65,983.22,2970831,2920977613,83482
2016-12-09,984.65,985,1008.15,981.5,986,989.35,995.37,4324192,4304149911,121111
2016-12-12,989.35,982.8,982.8,965.2,978,977.35,972.86,2672510,2599982626,74619
2016-12-13,977.35,980.5,992.85,971.1,987.5,990.2,983.95,2427141,2388175697,71109
2016-12-14,990.2,991,1004.95,984.1,999,999.75,996.89,2691307,2682939452,63665
2016-12-15,999.75,997.4,1018.95,989,992.4,992.35,1007.8,3983208,4014289728,107209
2016-12-16,992.35,1003.8,1009.7,997.75,1004.45,1005.15,1004.24,3218371,3232002246,93462
2016-12-19,1005.15,1006.1,1008.25,994.1,1005,1004.65,1000.85,2062067,2063821245,52933
2016-12-20,1004.65,1002,1019,1001.3,1013.5,1012.15,1012.54,3818249,3866136668,121711
2016-12-21,1012.15,1016,1022,998.25,1002.5,1001.55,1011.82,3671988,3715406428,85526
2016-12-22,1001.55,1002.5,1007,969.5,986,984.7,987.93,3530027,3487409630,109425
2016-12-23,984.7,984.9,1006.6,973.6,988.25,988.45,989.92,3653018,3616211974,87394
2016-12-26,988.45,988,994,975.1,983.35,982.75,983.28,1606914,1580049960,47565
2016-12-27,982.75,982.75,1001.9,980,996.9,998.95,993.09,2456408,2439426051,57508
2016-12-28,998.95,1002.95,1009.8,995,999,998.5,1003.15,2738408,2747039845,81224
2016-12-29,998.5,1003.75,1008,988.15,990,992.35,997.88,3120062,3113451672,92963
2016-12-30,992.35,998,1012,992.75,1011,1010.6,1006.91,3633884,3659012156,100569
2017-01-02,1010.6,1011.1,1012.95,999.35,1002.9,1001.1,1004.35,1167611,1172694416,28829
2017-01-03,1001.1,1004.1,1004.9,982,995.05,993.85,989.67,3389241,3354225264,113621
2017-01-04,993.85,995.05,1004.2,992.25,992.45,997.75,998.94,3536793,3533038015,99650
2017-01-05,997.75,1001.6,1009.5,988.75,996.2,996.15,1000.19,4103537,4104325150,100603
2017-01-06,996.15,994.9,998.85,968.05,977.3,972.25,973.69,7196724,7007392619,171262
2017-01-09,972.25,972.25,976.95,965,970,970.35,969.08,5272846,5109833703,86963
2017-01-10,970.35,977,981,967.95,971.15,970.55,973.74,5969927,5813159905,97596
2017-01-11,970.55,974.2,978.45,963.95,969.4,969.1,967.78,6120787,5923561832,192442
2017-01-12,969.1,977.55,1004.4,977.55,1001.5,1000.05,992.36,5927870,5882574394,152968
2017-01-13,1000.05,1030,1040,962.7,972.6,975.8,992.9,15638123,15527153070,327113
2017-01-16,975.8,965,965.45,952.45,957.45,955.65,959.11,6175686,5923132618,139257
2017-01-17,955.65,956.25,964,952.4,955.55,955.4,958.04,2780047,2663386306,80315
2017-01-18,955.4,958.1,961,949.8,950.9,950.8,955.6,2976481,2844323919,109771
2017-01-19,950.8,951,959.6,948.1,957.5,958.1,954,4438240,4234068518,139441
2017-01-20,958.1,950,953.15,946,946.15,948.7,949,4562371,4329702970,106341
2017-01-23,948.7,945,958,940,952.95,952.7,953.45,3974290,3789278960,116065
2017-01-24,952.7,950,950,940.1,946.05,945.55,944.02,3413005,3221953219,101476
2017-01-25,945.55,946.1,946.8,934.8,936.55,936.6,939.73,4989045,4688355349,123432
2017-01-27,936.6,933.85,947.55,901.15,942.65,942.15,939.2,5317569,4994263503,119331
2017-01-30,942.15,937.5,951.5,928.85,948.05,949.35,943.57,5684604,5363833728,147702
2017-01-31,949.35,941.5,941.5,904.35,929.4,928.6,925.07,12034267,11132572522,275395
2017-02-01,928.6,921.1,923.2,905.15,916,916.75,913.71,5765891,5268375697,170177
2017-02-02,916.75,917,945,910.1,934.7,935.9,931.77,5914134,5510613427,123387
2017-02-03,935.9,933.8,940.9,921.05,934.05,936.1,929.96,4211979,3916979843,136814
2017-02-06,936.1,937.25,943.75,930.55,934,935.25,935.91,3363967,3148362599,90322
2017-02-07,935.25,933,949.8,928.55,946,942.25,937.35,4634001,4343703630,78781
2017-02-08,942.25,936,944.1,932.45,934,936.5,936.48,3159981,2959255451,104030
2017-02-09,936.5,937,950,936.55,946,946,944.59,5953633,5623726244,212836
2017-02-10,946,946.25,972,943.3,967,968.3,959.62,6126226,5878867733,147110
2017-02-13,968.3,972.85,986.1,962.85,984,984.35,978.43,6862134,6714084291,115322
2017-02-14,984.35,980,989,972.35,987.75,987.7,982.86,4669409,4589393176,93050
2017-02-15,987.7,989.2,998.8,968.8,982.15,981.8,984.58,3629743,3573754984,69110
2017-02-16,981.8,991,1013.9,990.05,1012,1012.1,1004.57,6407929,6437217885,114268
2017-02-17,1012.1,1013.75,1013.75,992.7,999,1000.1,1000.09,2425604,2425826884,67547
2017-02-20,1000.1,996.5,1031,993.5,1030,1010.25,1002.49,2325331,2331129298,57830
2017-02-21,1010.25,1022.1,1024.5,1000.05,1011,1013.6,1014.45,3806998,3862010544,86430
2017-02-22,1013.6,1015,1015,986.4,991,990.15,994.38,3303919,3285353834,121253
2017-02-23,990.15,998.9,1020,993.35,1006.55,1008.85,1009.55,4771328,4816916303,103839
2017-02-27,1008.85,1007.3,1023,1006.95,1013.05,1012.4,1017.4,2664348,2710714927,83469
2017-02-28,1012.4,1011.85,1022.7,1009.25,1012,1012.4,1014.8,2970066,3014022678,93851
2017-03-01,1012.4,1012,1027,1010.1,1025.25,1025.15,1024.23,2141224,2193095873,114684
2017-03-02,1025.15,1024.4,1028,1016.5,1018.9,1023.3,1024.05,1474249,1509698903,42399
2017-03-03,1023.3,1010.25,1034.3,1000.4,1032.15,1031.2,1021.08,2700806,2757727851,74416
2017-03-06,1031.2,1020.05,1035.95,1019.7,1033,1033.9,1030.4,2643193,2723532993,71674
2017-03-07,1033.9,1022,1025.8,1014.7,1018.8,1019.8,1020.25,2322248,2369267970,74091
2017-03-08,1019.8,1016.9,1016.9,1004.45,1008.15,1007.8,1009.02,3089588,3117465750,65695
2017-03-09,1007.8,1007.8,1013,999,1011.2,1011.55,1007.88,1740315,1754027663,80001
2017-03-10,1011.55,1015,1027.65,1013.4,1021.5,1021.85,1021.75,2275162,2324657633,66765
2017-03-14,1021.85,1022.8,1041.9,1022.8,1035.3,1034.8,1034.12,3939198,4073612175,93944
2017-03-15,1034.8,1034.9,1034.9,1007.5,1011.2,1011.95,1013.81,3186989,3230988617,135842
2017-03-16,1011.95,1013.3,1031.7,1013.3,1029,1028.85,1024.89,3351478,3434894916,91634
2017-03-17,1028.85,1035.4,1042.9,1019.25,1039,1040.3,1034.03,4753923,4915686887,132876
2017-03-20,1040.3,1026.55,1026.55,1015.1,1020.3,1021.5,1020.31,2213694,2258652533,85988
2017-03-21,1021.5,1020.9,1034.95,1018.8,1028.8,1032.85,1029,2434792,2505412044,61479
2017-03-22,1032.85,1022.45,1039.95,1020.4,1027.5,1027.7,1028.79,1995426,2052872403,69882
2017-03-23,1027.7,1028.25,1043,1026.6,1040.25,1040.45,1038.53,2250831,2337555355,70900
2017-03-24,1040.45,1038,1044,1027.7,1028.1,1031.4,1033.26,2441948,2523166659,75313
2017-03-27,1031.4,1027.2,1041.85,1024.5,1035,1028.85,1032.85,3842412,3968617436,118204
2017-03-28,1028.85,1031.5,1039,1030.05,1038.95,1035.15,1035.21,2398398,2482850262,69503
2017-03-29,1035.15,1034.3,1041.5,1025.85,1033.8,1031.85,1032.47,3490593,3603938737,60565
2017-03-30,1031.85,1034,1035.9,1020.25,1023,1025.5,1026.08,6078590,6237092368,94441
2017-03-31,1025.5,1023.25,1029.3,1008,1022.5,1022.25,1019.49,7076927,7214831803,96201
2017-04-03,1022.25,1032.15,1032.45,1006.1,1010.3,1008.8,1010.88,2157800,2181287096,66898
2017-04-05,1008.8,1005,1005.4,991,995.2,995.95,997.87,3699169,3691274935,155256
2017-04-06,995.95,998.15,1005.8,992,997.45,999.6,1000.46,2689504,2690729251,80666
2017-04-07,999.6,1000.9,1000.9,979,982.6,981.55,985.56,3202254,3156004780,97036
2017-04-10,981.55,984.9,989.5,950.1,951.05,953.4,965.01,4764236,4597514332,94190
2017-04-11,953.4,956.05,971.7,956.05,968,967.15,966.2,4327733,4181469033,104526
2017-04-12,967.15,970,976.9,960.35,967.85,968.85,969.16,3348376,3245103251,86217
2017-04-13,968.85,970,990,926.65,932.9,931.4,942.95,15486594,14603160521,368460
2017-04-17,931.4,930,932.1,923.5,924.75,924.9,926.27,3606717,3340781677,110168
2017-04-18,924.9,924.75,934,919.1,923.05,922.65,925.65,2323759,2150985535,77903
2017-04-19,922.65,923,930,912.65,919.4,919.2,917.13,5035851,4618541692,123370
2017-04-20,919.2,921.5,929.7,918.55,928.15,927.3,924.5,2274500,2102780031,104880
2017-04-21,927.3,934.8,934.8,921.1,922.5,923.7,925.43,1788733,1655346159,62461
2017-04-24,923.7,917.5,928.5,913,927,926.55,919.84,2778333,2555623447,78246
2017-04-25,926.55,925.9,933,920.55,929.6,929.35,929.27,2368530,2200992057,104070
2017-04-26,929.35,929.95,935.55,910.2,914.15,914.25,916.98,4542248,4165168442,125006
2017-04-27,914.25,916,929,916,927.2,925.25,923.8,3898604,3601521629,113696
2017-04-28,925.25,926.85,927.4,915.6,921,918.95,919.78,2514851,2313115919,79880
2017-05-02,918.95,924,926.4,915.1,923.15,922.6,921.65,1615563,1488984260,85885
2017-05-03,922.6,926.5,939.1,917.65,934,934.3,932.19,2329724,2171737625,74214
2017-05-04,934.3,937,939.65,928.9,936,937.65,935.94,2639903,2470785901,104986
2017-05-05,937.65,936,937.35,920,930,931.5,927.04,2216394,2054687486,108343
2017-05-08,931.5,938,948.55,932,943.1,945.5,940.67,2353549,2213917286,99288
2017-05-09,945.5,950.6,951.95,942.1,946.95,946.65,947.01,2824686,2675013934,97850
2017-05-10,946.65,947.15,950,937.15,945.3,943.65,943.23,1682151,1586652710,54391
2017-05-11,943.65,946.85,949.85,937.55,944.05,944.1,945.45,1614741,1526662167,67623
2017-05-12,944.1,953,966,951.45,965.45,964.25,959.75,5489998,5269035238,111297
2017-05-15,964.25,963.5,963.5,949.1,953.25,951.55,951.49,3648582,3471579745,75335
2017-05-16,951.55,953.1,960.15,946.95,956,955,952.92,3065084,2920775219,71808
2017-05-17,955,951.6,958.45,943.85,952.9,952.8,949.48,1457754,1384109512,75429
2017-05-18,952.8,943,973.9,942.85,960.25,961.75,962.61,4028924,3878281748,120990
2017-05-19,961.75,961.5,962.7,947.85,957.4,957.95,954.18,2128698,2031155370,88897
2017-05-22,957.95,958.4,966.9,956.55,960,961.45,962.29,2751526,2647754820,99616
2017-05-23,961.45,964.65,967,954.1,957.5,957.3,960.16,2019991,1939514665,80122
2017-05-24,957.3,960,965.5,949.6,957,954.8,958.37,2818143,2700826858,56898
2017-05-25,954.8,961,986.6,961,981,983.3,978.16,5219257,5105249719,76160
2017-05-26,983.3,987,1000,980.6,996.05,995.7,994.06,2494002,2479193882,63671
2017-05-29,995.7,990.9,996.7,975.7,986,985.15,983.11,3154217,3100929032,83084
2017-05-30,985.15,982,1000,978.65,993,996.2,995.45,1858455,1850003638,62012
2017-05-31,996.2,993.55,993.55,974.85,976.05,977.05,980.19,3881950,3805051203,121323
2017-06-01,977.05,969.3,979.7,958.55,971.25,971.4,969.49,2754303,2670262585,81421
2017-06-02,971.4,973.4,975.45,964.2,966,969.45,968.76,1958983,1897792689,48927
2017-06-05,969.45,970,972,957.05,959,958.75,961.71,2731349,2626761463,83794
2017-06-06,958.75,965,987.5,964.4,980,979.35,980.08,3504343,3434525874,83178
2017-06-07,979.35,985,988.9,945,959.3,961.3,963.75,6227523,6001805446,139990
2017-06-08,961.3,962.95,962.95,948.15,956.05,956.45,952.81,3097676,2951501577,88147
2017-06-09,956.45,938.55,950.95,923,949,948.6,937.55,7378831,6918028230,161124
2017-06-12,948.6,943.35,965.2,940.1,964.4,963.85,953.95,4295838,4097996731,89686
2017-06-13,963.85,953.5,962.95,951.6,957.95,957.8,958.26,2468897,2365833764,69355
2017-06-14,957.8,960,961.9,951.2,958.5,958.6,957.02,3719055,3559194777,90312
2017-06-15,958.6,959.65,967.95,949.6,951.35,952.1,956.12,2764031,2642752622,67490
2017-06-16,952.1,949.1,953.85,936,937,940.25,942.47,5474225,5159269025,109487
2017-06-19,940.25,939.95,940.25,928,930.8,929.85,931.98,3427930,3194759665,82075
2017-06-20,929.85,935,946.9,934.05,944.25,943.55,943.01,2592198,2444471885,105790
2017-06-21,943.55,945,949,936.05,948.55,943.35,941.04,1867932,1757791621,59945
2017-06-22,943.35,947.7,968.7,935.1,939,940.15,953.78,4732621,4513895878,115123
2017-06-23,940.15,945,949.15,938,943.05,943.25,943.77,3201509,3021488880,118944
2017-06-27,943.25,945,948,923.75,926,927.05,929.06,3452330,3207420227,113272
2017-06-28,927.05,932.8,933,921,924,924.7,925.73,2952612,2733310089,98295
2017-06-29,924.7,930.2,947.95,926.6,929,930.2,935.13,7957020,7440838110,103952
2017-06-30,930.2,930.8,938,929,934.4,935.55,934.42,2108350,1970090052,64325
2017-07-03,935.55,941.1,955,934.6,953.6,951.9,945.66,2544462,2406192366,62128
2017-07-04,951.9,953.85,970,949.4,961,962.15,962.03,2583863,2485762341,54690
2017-07-05,962.15,959,959,945.4,952,950.9,950.46,2113114,2008422007,58308
2017-07-06,950.9,945,957,944.2,946.8,947,950.12,1914860,1819345351,56849
2017-07-07,947,943.85,945.45,933.05,935.1,935.4,938.78,2888443,2711621746,98641
2017-07-10,935.4,945,1028.9,937.3,953.3,957.05,953.49,847546,808125207.5,17862
2017-07-11,957.05,956.65,989.5,956.65,978.6,975.35,978.98,5769854,5648578195,113632
2017-07-12,975.35,974.95,981.5,968.75,973,972.35,974.41,3137988,3057672504,77201
2017-07-13,972.35,977.25,983.45,964.1,980,977.05,977,2585196,2525724825,74502
2017-07-14,977.05,999.45,1006.85,966.05,970,972.05,985.55,11239090,11076697426,246571
2017-07-17,972.05,975,992,974,985.55,984.05,984.54,3849125,3789602386,85783
2017-07-18,984.05,986.05,1004.8,981.1,983.65,985.6,995.69,4130090,4112296075,93509
2017-07-19,985.6,981.45,988.65,969.1,979.6,979.85,976.12,2945139,2874801640,105595
2017-07-20,979.85,979.3,979.85,966.95,969,969.45,970.69,3404870,3305085666,101526
2017-07-21,969.45,973,982.55,971.4,979.9,980.1,978.45,2990377,2925921840,68179
2017-07-24,980.1,983.5,994,982.6,990.5,990.55,989.58,3064588,3032646958,110820
2017-07-25,990.55,990,999,986.2,994,993.85,992.82,3572807,3547155444,104586
2017-07-26,993.85,998.1,999,990.4,994,994.05,993.84,3435012,3413852845,104013
2017-07-27,994.05,996,1004,966.8,969.85,971.05,981.64,6338426,6222055607,100543
2017-07-28,971.05,976,1003,962.3,995.7,997.35,987.2,5549214,5478201640,92083
2017-07-31,997.35,991.9,1021.7,986.75,1015,1011.2,1007.77,9579124,9653593591,194493
2017-08-01,1011.2,1011,1017,998.35,1004.5,1005.55,1005.38,3844699,3865373993,74672
2017-08-02,1005.55,1006,1012.75,987.2,989.1,993.35,999.06,2128792,2126780545,64338
2017-08-03,993.35,991,998.75,980.25,981.8,984,988.23,2320174,2292869697,64881
2017-08-04,984,988,989,976.05,983.5,983.75,981.53,2674509,2625108705,54851
2017-08-07,983.75,983.5,983.75,965.7,966.5,968.25,972.33,3036872,2952834608,75997
2017-08-08,968.25,968.5,970.25,955.05,963.5,963.85,963.45,3002324,2892578681,83371
2017-08-09,963.85,967.65,973.9,964.55,970.7,969.35,969.56,1961205,1901504150,74542
2017-08-10,969.35,969.9,987.5,969.35,984.95,981.25,982,4570342,4488072667,118468
2017-08-11,981.25,976,997,969.6,986.5,987.7,986.81,3272078,3228922463,85957
2017-08-14,987.7,988,989.2,977.15,982,981.45,981.62,1908235,1873162936,83142
2017-08-16,981.45,982,986.1,969,979.35,975.2,975.79,3089040,3014254126,73688
2017-08-17,975.2,1005,1029.25,998.05,1021.05,1020.85,1012.61,12892130,13054759561,219380
2017-08-18,1020.85,1017.9,1017.9,884.2,923.15,923.25,932.15,82202480,76625024333,1192900
2017-08-21,923.25,924,924,870,870.15,873.4,888.68,45203588,40171479151,844350
2017-08-22,873.4,895.2,897.05,860,876,875.4,876.3,24621299,21575553324,436450
2017-08-23,875.4,880,903.7,873.9,893.4,892.8,890.37,30642095,27282913879,431562
2017-08-24,892.8,910,918.25,902.35,911.5,912.15,910.72,21190262,19298432842,379260
2017-08-28,912.15,943.95,953.95,938,940.3,941,944.82,20356054,19232850863,339901
2017-08-29,941,941.45,942,925.55,926.75,927.45,933.49,6684696,6240109664,148591
2017-08-30,927.45,937.2,939,924.1,926.7,926.65,930.56,8074832,7514125822,147639
2017-08-31,926.65,928.8,928.95,912.9,915,914.95,916.78,7511226,6886139481,174045
2017-09-01,914.95,915.95,925.9,910,919.85,919.95,919.57,4216961,3877809876,81607
2017-09-04,919.95,921,921.1,893.5,899.95,900.2,904.13,5088554,4600718442,141455
2017-09-05,900.2,902,905,897.25,901,901.9,901.02,4891696,4407506232,79400
2017-09-06,901.9,900,900.3,890,896.9,895.6,894.39,3867955,3459475483,126593
2017-09-07,895.6,900,900.5,892.35,894.65,895.75,896.04,3120596,2796180948,74906
2017-09-08,895.75,899,899,882.1,884,884.3,888.07,4302271,3820696332,78811
2017-09-11,884.3,890.4,891.8,873.65,879.95,878.7,880.91,6893821,6072846748,145836
2017-09-12,878.7,882.55,887.75,878.8,883.25,884.05,881.98,8620677,7603270020,94378
2017-09-13,884.05,885.5,887.6,881,884.5,883.75,883.75,5739114,5071927188,136009
2017-09-14,883.75,884.5,896.6,881.6,892.3,892.4,891.42,6849003,6105328297,110957
2017-09-15,892.4,892.3,913.25,892.2,908.6,908.25,904.85,6729730,6089408744,99888
2017-09-18,908.25,910,917.75,906.3,908.8,909.1,912.83,4237930,3868513182,77992
2017-09-19,909.1,908,916,903.5,912.7,912.25,911.15,3016665,2748642130,79618
2017-09-20,912.25,917,917,907.45,913.3,912.7,910.97,2883915,2627153268,46614
2017-09-21,912.7,915,915.25,908.15,911,909.55,910.99,4102076,3736951963,42387
2017-09-22,909.55,908.15,910.25,888,899,898.3,897.32,8802044,7898273388,101141
2017-09-25,898.3,901,901.95,889.1,901,895.35,894.32,4544350,4064084916,83796
2017-09-26,895.35,897,908.4,894.3,901.75,905.9,900.14,3683239,3315416203,101232
2017-09-27,905.9,906.1,907.9,895.1,895.9,899.8,900.49,3000069,2701542236,88378
2017-09-28,899.8,896.1,903.9,894.3,896,896,897.71,8768633,7871666208,135425
2017-09-29,896,898,902.4,895,899,899.9,899.31,2852916,2565651057,79579
2017-10-03,899.9,910.1,912,901.6,903.05,903.55,905.66,2473761,2240392336,98569
2017-10-04,903.55,903,905.4,897.15,901.45,899.6,901.13,2495746,2248997167,81198
2017-10-05,899.6,900,904.95,899,903,903.05,902.78,4305650,3887063883,46048
2017-10-06,903.05,904,922,903.95,920.5,920.15,916.53,4287154,3929315140,76214
2017-10-09,920.15,920,929,914,924.25,923.9,923.72,1752416,1618746285,39646
2017-10-10,923.9,939.95,939.95,929.55,935.15,935.45,935.46,3571610,3341105876,103093
2017-10-11,935.45,935.45,938,928,930.6,930.7,932.27,2991252,2788647778,95474
2017-10-12,930.7,930,934.35,919.55,928.35,927.3,924.62,5140486,4753015820,108653
2017-10-13,927.3,932.8,933.5,927.55,929.05,930.1,929.7,3590364,3337968430,104364
2017-10-16,930.1,935.95,942,933,939,939,937.81,2879375,2700304306,78589
2017-10-17,939,936.8,936.8,929.5,930.75,930.5,932.11,2812551,2621611619,77515
2017-10-18,930.5,928.9,930,922.95,925,924.35,926.7,3615926,3350868643,78889
2017-10-19,924.35,930,932,925.2,927.75,926.95,927.39,545717,506094102.6,13886
2017-10-23,926.95,930,942,928.1,940.95,939.5,936.18,4577048,4284920340,105211
2017-10-24,939.5,946,946.65,921.6,924.35,926.5,933.61,7264664,6782341418,117978
2017-10-25,926.5,919,944.7,915.25,934.25,935.3,934.05,6992067,6530973260,176833
2017-10-26,935.3,942,951.8,940.1,948.55,947.35,946.46,16829629,15928597286,144857
2017-10-27,947.35,955,957.7,944,947,946.35,948.86,4262478,4044495152,108092
2017-10-30,946.35,954.65,954.65,941.05,943.9,944.1,946.96,6484163,6140238516,120848
2017-10-31,944.1,925,930,920,922,921.85,924.74,4977494,4602897345,68301
2017-11-01,921.85,925,929.4,923.3,926,927.05,925.92,2816567,2607904113,59211
2017-11-02,927.05,923.05,926,920,923.1,922.9,923.13,2343069,2162955678,81286
2017-11-03,922.9,917,929.9,916.95,926.8,926.65,926.37,1849543,1713353953,51904
2017-11-06,926.65,923.15,935,922.65,928.8,928.7,927.57,2533267,2349782381,69707
2017-11-07,928.7,926.25,960,925.85,955.35,955.5,951.18,6721410,6393285439,145532
2017-11-08,955.5,960.25,961.85,947.5,951.95,952.3,955.2,2684997,2564719195,88636
2017-11-09,952.3,953,963,948.25,954,954.5,954.92,2361616,2255155224,67747
2017-11-10,954.5,958.8,964.35,950,963.5,962.05,959.46,3294714,3161144505,63848
2017-11-13,962.05,962.05,969.4,949.35,952.55,951.95,958.24,2510608,2405762223,58964
2017-11-14,951.95,951.95,954.85,943.25,949.1,949.1,948.44,2866855,2719052888,74967
2017-11-15,949.1,945.15,953.5,944.5,950.75,951.8,950.67,3511758,3338522494,98311
2017-11-16,951.8,951.8,995.9,948.5,989.95,988.4,978.58,7843751,7675734065,224690
2017-11-17,988.4,985.5,985.5,965.15,965.5,970.95,974.04,4028835,3924263396,178425
2017-11-20,970.95,969,971,957.25,960.95,960.55,961.63,2830595,2721971566,66198
2017-11-21,960.55,961.3,971.5,960.05,965.5,966.25,966.87,2682328,2593469144,74479
2017-11-22,966.25,966.6,971.05,963.3,965.3,966.3,966.54,3042460,2940669553,57418
2017-11-23,966.3,971.5,994.45,969,991.15,991.25,984.7,5947309,5856291708,141525
2017-11-24,991.25,990.9,1019.3,990.2,1008,1009.55,1010.09,9309956,9403912992,180427
2017-11-27,1009.55,1006.7,1006.7,993.3,996.55,998.75,997.92,3008865,3002607598,75428
2017-11-28,998.75,994.4,999.9,981.3,982.15,984.7,988.73,2308434,2282406446,61722
2017-11-29,984.7,987.65,991.95,980.3,983.5,982.7,984.37,1919035,1889032576,50324
2017-11-30,982.7,989.45,989.45,968.35,972.5,976.1,978.17,8633472,8445010644,126288
2017-12-01,976.1,979.4,983.2,957.05,960,958.8,966.26,2042500,1973590610,49881
2017-12-04,958.8,980,996.8,968.55,984.4,985.35,985.73,8905803,8778677871,150296
2017-12-05,985.35,985.35,1003,979,984.3,984.35,990.92,4988369,4943095296,106371
2017-12-06,984.35,985,994.1,984,987.8,990.3,989.37,3745047,3705251090,121883
2017-12-07,990.3,989,1002.9,985.6,999.85,999.8,995.95,3774772,3759492032,106502
2017-12-08,999.8,1001,1007,995,999.4,1001.85,1002.25,2991622,2998343941,109714
2017-12-11,1001.85,994.95,1006.9,993.95,1005.4,1005.3,1000.75,2569549,2571485667,64951
2017-12-12,1005.3,1002,1014,1002,1010.5,1010.5,1009.41,4660217,4704066529,125676
2017-12-13,1010.5,1010.9,1019,997.65,1005,1003.75,1010.55,2681199,2709482013,89418
2017-12-14,1003.75,1005.25,1015,999.3,1012.3,1013.1,1010.36,3011786,3042976537,97393
2017-12-15,1013.1,1013,1026.4,1011.85,1019,1022.9,1019.21,5192067,5291809165,117970
2017-12-18,1022.9,1011.9,1030.7,1005.8,1014,1016.6,1019.42,2017724,2056905715,67395
2017-12-19,1016.6,1017.45,1017.95,999.55,1006.65,1003.95,1007.23,3559449,3585173633,87491
2017-12-20,1003.95,1005.1,1018.6,1001,1016.35,1015.85,1011.09,2093163,2116374407,68366
2017-12-21,1015.85,1014.8,1028.95,998.4,1021.5,1022.05,1014.97,5529581,5612359298,132258
2017-12-22,1022.05,1016,1044.8,1016,1037.85,1039.35,1035.23,6453470,6680838538,148038
2017-12-26,1039.35,1030,1041.5,1023,1035,1035.6,1034.88,5404453,5592980614,137301
2017-12-27,1035.6,1028,1039.1,1027.4,1034,1034.25,1034,3485086,3603591315,101607
2017-12-28,1034.25,1030,1040,1023.8,1030,1033.25,1034.41,4216736,4361825789,107124
2017-12-29,1033.25,1030.1,1048.8,1030,1041.25,1042.05,1041.38,3300884,3437461626,83693
2018-01-01,1042.05,1037.7,1044.5,1030,1032.15,1033.55,1036.23,2715670,2814045584,65839
2018-01-02,1033.55,1037.25,1042,1023,1028.3,1029.7,1031.43,3056124,3152175059,122157
2018-01-03,1029.7,1028.5,1031.6,1018.6,1022,1021.3,1022.55,3423276,3500475319,132588
2018-01-04,1021.3,1021,1021,1009.6,1015,1015.4,1014.48,4473807,4538566058,81236
2018-01-05,1015.4,1015.3,1026.4,1006,1014.25,1012,1012.92,5512988,5584193774,134727
2018-01-08,1012,1024.9,1039,1020.05,1035.2,1036.05,1029.31,2797345,2879337346,73704
2018-01-09,1036.05,1040,1044.9,1028.9,1039,1041.35,1036.46,4974118,5155470379,119611
2018-01-10,1041.35,1046.8,1056,1033.05,1053,1052.25,1043.96,4734317,4942421496,100562
2018-01-11,1052.25,1055.25,1083.4,1055.25,1076.5,1075.8,1069.86,8387735,8973696876,134085
2018-01-12,1075.8,1085.8,1085.9,1070.55,1078.65,1078.45,1077.02,9008264,9702068541,138377
2018-01-15,1078.45,1080,1092.95,1065.1,1081,1081.15,1080.89,5324625,5755343849,132189
2018-01-16,1081.15,1081.25,1134.8,1081.25,1125,1122.85,1116.71,11323483,12645064684,222629
2018-01-17,1122.85,1124.85,1161.8,1123,1148,1152.1,1150.95,13077044,15051075123,331838
2018-01-18,1152.1,1145,1164.9,1132.1,1152,1152.7,1148.19,6602485,7580886446,148758
2018-01-19,1152.7,1145,1147.9,1136,1145.9,1143.45,1142.09,2994139,3419578450,104184
2018-01-22,1143.45,1132.15,1156.95,1132,1148.1,1150,1144.31,4825107,5521427259,136884
2018-01-23,1150,1155,1188,1155,1176,1177.1,1176.85,7701898,9063945901,178542
2018-01-24,1177.1,1174.8,1221.05,1167.5,1182.85,1185.8,1195.52,10302359,12316700910,204464
2018-01-25,1185.8,1182,1183.4,1162.25,1173.7,1175.4,1171.54,6774457,7936550004,137327
2018-01-29,1175.4,1166.55,1196.25,1165.2,1180.55,1182.9,1185.12,5411501,6413293460,188700
2018-01-30,1182.9,1178.9,1183.1,1162.7,1168,1170.65,1169.32,4314156,5044647007,139977
2018-01-31,1170.65,1159.15,1166.6,1142.15,1149.1,1150.25,1153.93,4606849,5315999681,118772
2018-02-01,1150.25,1142.2,1157.9,1118.55,1144,1144.6,1141.19,6502727,7420853135,147460
2018-02-02,1144.6,1135.25,1162.9,1130.1,1145.3,1143.25,1144.88,5122243,5864360400,112441
2018-02-05,1143.25,1140,1154.85,1135.85,1139.9,1138.2,1143.33,4930110,5636743205,146880
2018-02-06,1138.2,1099.95,1128.35,1095.15,1111.4,1107.75,1113.87,5276039,5876800709,136315
2018-02-07,1107.75,1116,1124.8,1103.55,1108,1109.05,1113.49,4171028,4644378627,147324
2018-02-08,1109.05,1122.8,1146.4,1116.55,1133,1134.25,1138.52,4403622,5013613141,105295
2018-02-09,1134.25,1118,1120.3,1106,1112,1109.15,1112.64,2191345,2438184786,88836
2018-02-12,1109.15,1114.8,1120.6,1097.8,1101,1102.8,1106.85,3145986,3482147220,52343
2018-02-14,1102.8,1106,1117.3,1090.2,1091,1097.75,1106.89,4172856,4618905280,113292
2018-02-15,1097.75,1103,1129.7,1103,1113.5,1114.45,1118.96,3993368,4468413993,99941
2018-02-16,1114.45,1125,1141.65,1118.1,1124.65,1128.05,1128.32,4944611,5579126434,108882
2018-02-19,1128.05,1128.4,1136,1120.3,1134.2,1131.75,1129.16,3230920,3648227633,83364
2018-02-20,1131.75,1103.75,1149.5,1103.75,1135,1136.95,1141.14,3594297,4101611225,97878
2018-02-21,1136.95,1147.5,1151.9,1140,1145,1147.4,1146.98,6885679,7897738207,169230
2018-02-22,1147.4,1145.55,1164,1140.45,1159,1160.75,1157.22,8929987,10333995037,151810
2018-02-23,1160.75,1163.5,1166,1146.75,1154.4,1155.65,1158.08,4729914,5477635155,128746
2018-02-26,1155.65,1151,1155.05,1134.35,1139.95,1138.6,1142.81,2541804,2904793410,76083
2018-02-27,1138.6,1144.95,1153.65,1125.65,1147.7,1150.2,1139.08,3308013,3768101539,140175
2018-02-28,1150.2,1147.6,1189.5,1142.55,1169.85,1172.6,1172.09,8634208,10120034870,229051
2018-03-01,1172.6,1169.6,1169.6,1156.05,1160.25,1160.75,1161.83,3289926,3822336358,95568
2018-03-05,1160.75,1160.75,1170.8,1143.25,1159.7,1155.9,1158.68,4050728,4693511961,150137
2018-03-06,1155.9,1162.55,1165.4,1143.6,1146.25,1151.35,1157.61,3344867,3872054670,123734
2018-03-07,1151.35,1155,1160,1138.05,1147.8,1144.1,1148.31,3185208,3657594848,91049
2018-03-08,1144.1,1149,1165.8,1149,1158,1156.65,1158.61,3046507,3529721779,110975
2018-03-09,1156.65,1162.35,1166,1155.55,1164,1163.4,1162.36,2110482,2453138902,83674
2018-03-12,1163.4,1176,1191.85,1171.75,1184,1185.75,1186.26,3838485,4553456409,82530
2018-03-13,1185.75,1180.2,1197,1175.15,1182,1183.8,1187.19,4290526,5093652781,101093
2018-03-14,1183.8,1180,1190.6,1169.1,1181.1,1180.8,1180.26,2214855,2614111790,54069
2018-03-15,1180.8,1180,1188.4,1172,1181.9,1182.5,1180.88,3050750,3602569982,49232
2018-03-16,1182.5,1182,1182.4,1169.25,1170,1171.9,1172.96,8977413,10530177258,156251
2018-03-19,1171.9,1164,1180.5,1142.65,1148,1146.75,1156.94,3763310,4353937862,114366
2018-03-20,1146.75,1148.6,1170,1148.6,1164.55,1164.55,1159.74,4276883,4960076508,111232
2018-03-21,1164.55,1170,1175.5,1162.2,1166.2,1167.5,1171.53,3846497,4506270593,121529
2018-03-22,1167.5,1164.5,1177.45,1155.3,1156,1161.3,1167.57,3406584,3977430906,82774
2018-03-23,1161.3,1147,1173.8,1142.35,1165,1167.6,1164.59,6004042,6992254285,117145
2018-03-26,1167.6,1166.9,1166.9,1144,1155.6,1155.25,1153.17,4465361,5149317139,101964
2018-03-27,1155.25,1160,1161.3,1150.1,1152.1,1154,1154.45,1901044,2194657346,67860
2018-03-28,1154,1150.75,1150.75,1126.25,1140,1131.8,1136.18,6279161,7134252851,118878
2018-04-02,1131.8,1141,1149.55,1121.3,1136.7,1137.15,1135.86,4036351,4584716920,142078
2018-04-03,1137.15,1134.7,1143.55,1128.1,1139.4,1140.45,1135.21,2038584,2314226757,114034
2018-04-04,1140.45,1144,1144.55,1120,1122.7,1124.2,1131.81,2406651,2723878713,137029
2018-04-05,1124.2,1139.55,1151.3,1129.1,1146.05,1147.55,1140.71,3881772,4427993460,101745
2018-04-06,1147.55,1143,1146,1122.1,1127.55,1127,1128.81,2968871,3351285043,137277
2018-04-09,1127,1125,1125.8,1106.55,1111.45,1111.25,1113.12,3601441,4008832077,171118
2018-04-10,1111.25,1112,1124.5,1105.4,1114.65,1113.4,1115.77,4463029,4979728695,144468
2018-04-11,1113.4,1118,1131.5,1116.5,1124.5,1124.25,1124.78,4512787,5075891573,102586
2018-04-12,1124.25,1129.45,1172.75,1125,1164.05,1162.6,1157.71,8522183,9866189147,216130
2018-04-13,1162.6,1174,1185.9,1150.25,1168,1171.45,1172.37,10613519,12442924999,180965
2018-04-16,1171.45,1102,1140,1102,1134.5,1133.2,1125.66,12372542,13927236193,201992
2018-04-17,1133.2,1127,1127.4,1115,1124.65,1125.2,1121.63,5198970,5831317996,203792
2018-04-18,1125.2,1122.85,1134.75,1113.85,1125.95,1125.95,1124.27,5215190,5863305787,121114
2018-04-19,1125.95,1124,1139.8,1123.1,1133.4,1132.85,1132.61,4262771,4828035904,119470
2018-04-20,1132.85,1139,1193.7,1136.95,1179.65,1178.45,1171.78,12136346,14221070742,213680
2018-04-23,1178.45,1168,1214.4,1155.25,1185.95,1187.7,1186.79,10915319,12954180381,190031
2018-04-24,1187.7,1185,1196.4,1150.1,1154.25,1154.5,1168.64,4263108,4982039811,87918
2018-04-25,1154.5,1152,1171,1145.2,1155.95,1160.35,1160.85,5797089,6729546265,122892
2018-04-26,1160.35,1174,1181.65,1160,1177.05,1176.45,1172.76,5651042,6627322945,120489
2018-04-27,1176.45,1180,1191.6,1174.2,1184.65,1185.2,1183.9,3831685,4536321753,103259
2018-04-30,1185.2,1181.7,1207.95,1180.65,1199.95,1199.5,1199.78,2755839,3306404000,80599
